﻿<?xml version="1.0" encoding="utf-8"?>
<deployment>
  <id>d5988dc0-bab1-494b-a103-a92c4b404475</id>
  <author>N/A</author>
  <deployer>Push-Deployer</deployer>
  <authorEmail>N/A</authorEmail>
  <message>Created via a push deployment</message>
  <progress></progress>
  <status>Success</status>
  <statusText></statusText>
  <lastSuccessEndTime>2025-10-01T15:16:42.5192109Z</lastSuccessEndTime>
  <receivedTime>2025-10-01T15:15:55.5389058Z</receivedTime>
  <startTime>2025-10-01T15:15:56.8905226Z</startTime>
  <endTime>2025-10-01T15:16:42.5192109Z</endTime>
  <complete>True</complete>
  <is_temp>False</is_temp>
  <is_readonly>True</is_readonly>
  <buildSummary />
</deployment>