<step title="Incoming Request" date="2025-10-01T15:15:47.423" instance="220123" url="/api/zipdeploy?isAsync=true" method="POST" type="request" pid="770,1,7" Accept="*/*" Host="ocr-backend-app.scm.azurewebsites.net" User-Agent="AZURECLI/2.77.0 (HOMEBREW)" Accept-Encoding="gzip, deflate" Authorization="Bea..." Cache-Control="no-cache" Content-Type="application/octet-stream" Content-Length="14119292" x-ms-client-request-id="701a5f1a-9ed9-11f0-8e79-4e34d5a5718d" x-ms-artifact-checksum="1cab7ed26c4821148e431ca1bf088397b15edcc57c6cbaac02b039355e54bcef" X-ARR-LOG-ID="701a5f1a-9ed9-11f0-8e79-4e34d5a5718d" CLIENT-IP="128.197.28.152:14679" X-SITE-DEPLOYMENT-ID="ocr-backend-app" WAS-DEFAULT-HOSTNAME="ocr-backend-app.scm.azurewebsites.net" X-Forwarded-Proto="https" X-AppService-Proto="https" X-Forwarded-TlsVersion="1.3" X-WAWS-Unencoded-URL="/api/zipdeploy?isAsync=true" X-Client-IP="128.197.28.152" X-Client-Port="14679" >
  <step title="ZipPushDeploy" date="2025-10-01T15:15:48.450" >
    <step title="ZipDeploy. Extract zip." date="2025-10-01T15:15:48.462" /><!-- duration: 4ms -->
    <step title="None repository commit" date="2025-10-01T15:15:48.475" >
      <step title="Commit id: d5988dc0-bab1-494b-a103-a92c4b404475" date="2025-10-01T15:15:48.479" Message="N/A" AuthorName="N/A" AuthorEmail="N/A" /><!-- duration: 4ms -->
    </step><!-- duration: 12ms -->
    <step title="Starting PushDeployAsync" date="2025-10-01T15:15:48.492" /><!-- duration: 4ms -->
    <step title="Writing artifact to /tmp/zipdeploy/1aa5f445-66be-4152-8bae-34c745d8f746.zip" date="2025-10-01T15:15:48.530" >
      <step title="Writing multipart request body to /tmp/zipdeploy/1aa5f445-66be-4152-8bae-34c745d8f746.zip" date="2025-10-01T15:15:48.535" /><!-- duration: 8ms -->
    </step><!-- duration: 853ms -->
    <step title="Start deployment in the background" date="2025-10-01T15:15:49.402" >
      <step title="Acquiring Deployment Lock" date="2025-10-01T15:15:49.428" /><!-- duration: 19ms -->
      <step title="Acquired Deployment Lock" date="2025-10-01T15:15:49.489" /><!-- duration: 6ms -->
    </step><!-- duration: 212ms -->
  </step><!-- duration: 1175ms -->
  <step title="Outgoing response" date="2025-10-01T15:15:49.645" type="response" statusCode="202" statusText="Accepted" /><!-- duration: 6ms -->
</step><!-- duration: 2232ms -->
